0.71368,-0.00082739,0.006265,0.0041187,2
0.73035,-0.00096979,0.0060383,0.0041669,2
0.74702,-0.00106,0.0059272,0.0046553,2
0.76368,-0.0013179,0.006963,0.007715,2
0.78035,-0.0014998,0.0067402,0.0084143,2
0.79702,-0.001725,0.0072318,0.010023,2
0.81368,-0.0017209,0.0071836,0.010383,2
0.83035,-0.0018287,0.0073083,0.010145,2
0.84702,-0.0017794,0.0074306,0.010353,2
0.86368,-0.0017614,0.0074502,0.0098681,2
0.88035,-0.0018197,0.0075621,0.010703,2
0.89702,-0.0019175,0.0074433,0.011026,2
0.91368,-0.0018474,0.0076242,0.011788,2
0.93035,-0.0018595,0.0072877,0.011206,2
0.94702,-0.001914,0.0073783,0.011077,2
0.96369,-0.0017885,0.0072747,0.010644,2
0.98035,-0.0016267,0.0071886,0.0098381,2
0.99702,-0.0017398,0.0073918,0.010659,2
1.0137,-0.0015827,0.0075368,0.010183,2
1.0304,-0.0017065,0.0081182,0.011341,2
1.047,-0.0016905,0.0080702,0.011356,2
1.0637,-0.001901,0.0086709,0.011654,2
1.0804,-0.0018761,0.0084116,0.011788,2
1.097,-0.0018722,0.0082222,0.011667,2
1.1137,-0.0018557,0.0080058,0.011964,2
1.1304,-0.0019319,0.0078661,0.011947,2
1.147,-0.0019331,0.0077186,0.01219,2
1.1637,-0.0019476,0.0076933,0.012151,2
1.1804,-0.0019709,0.0078169,0.011983,2
1.197,-0.001971,0.0079441,0.012085,2
1.2137,-0.0020635,0.0079761,0.011981,2
1.2304,-0.0020443,0.007894,0.012638,2
1.247,-0.0020413,0.0078233,0.012828,2
1.2637,-0.0020969,0.0077618,0.012784,2
1.2804,-0.0020132,0.0078433,0.013251,2
1.297,-0.0017901,0.0079011,0.012593,2
1.3137,-0.0018579,0.0080737,0.012797,2
1.3304,-0.0018317,0.0079046,0.013188,2
1.347,-0.001968,0.0080329,0.013962,2
1.3637,-0.0019705,0.0077697,0.012926,2
1.3804,-0.0020371,0.0076893,0.012774,2
1.397,-0.001992,0.0077472,0.012496,2
1.4137,-0.0019029,0.0076331,0.012371,2
1.4304,-0.0019364,0.0080801,0.012373,2
1.447,-0.0018533,0.0078005,0.012015,2
1.4637,-0.0019524,0.0079822,0.01295,2
1.4804,-0.0019574,0.0076063,0.012353,2
1.497,-0.0020316,0.0074776,0.0116,2
1.5137,-0.0018891,0.0075074,0.011751,2
1.5304,-0.0019213,0.0074212,0.011874,2
1.547,-0.0020375,0.0075928,0.011924,2
1.5637,-0.0019808,0.0074527,0.011627,2
1.5804,-0.0019836,0.0076832,0.012102,2
1.597,-0.0019003,0.0075802,0.011737,2
1.6137,-0.0019651,0.0074499,0.011412,2
1.6304,-0.0017332,0.0077156,0.012314,2
1.647,-0.001652,0.0075483,0.011777,2
1.6637,-0.0017682,0.0077868,0.013119,2
1.6804,-0.0019175,0.0074888,0.012859,2
1.697,-0.001858,0.007793,0.013047,2
1.7137,-0.001872,0.0076907,0.012342,2
1.7304,-0.0019799,0.0075084,0.011406,2
1.747,-0.0017367,0.0075494,0.012407,2
1.7637,-0.0016162,0.0074178,0.011879,2
1.7804,-0.0018439,0.0078204,0.012811,2
1.797,-0.0017417,0.007505,0.012234,2
1.8137,-0.0019664,0.0081635,0.014172,2
1.8304,-0.0020059,0.007681,0.013279,2
1.847,-0.0020754,0.0074949,0.013123,2
1.8637,-0.0018789,0.0077369,0.01322,2
1.8804,-0.0020056,0.0075813,0.013056,2
1.897,-0.0019396,0.0075409,0.012949,2
1.9137,-0.0018892,0.007454,0.012853,2
1.9304,-0.00188,0.0078335,0.013585,2
1.947,-0.001838,0.0075045,0.012639,2
1.9637,-0.0019994,0.0074195,0.011997,2
1.9804,-0.0019149,0.0074989,0.012858,2
1.997,-0.0018996,0.0075513,0.012086,2
2.0137,-0.0020257,0.0076926,0.012769,2
2.0304,-0.0021007,0.0074541,0.012837,2
2.047,-0.0021046,0.0077311,0.013628,2
2.0637,-0.0021591,0.0075195,0.01279,2
2.0804,-0.0022747,0.0075063,0.012641,2
2.097,-0.0021497,0.0074615,0.01289,2
2.1137,-0.0021511,0.0075685,0.01267,2
2.1304,-0.0022405,0.0077271,0.012608,2
2.147,-0.0022932,0.0076775,0.011938,2
2.1637,-0.0023324,0.00756,0.011996,2
2.1804,-0.0023136,0.0076639,0.01133,2
2.197,-0.0022055,0.0076769,0.011325,2
2.2137,-0.002174,0.0074756,0.012427,2
2.2304,-0.0021435,0.0076361,0.011875,2
2.247,-0.0021536,0.0080406,0.012965,2
2.2637,-0.0021022,0.0077765,0.013163,2
2.2804,-0.0020824,0.007639,0.012818,2
2.297,-0.0020907,0.007873,0.013155,2
2.3137,-0.0021484,0.0075848,0.013476,2
2.3304,-0.002122,0.0076006,0.01312,2
2.347,-0.0021424,0.0076206,0.013133,2
2.3637,-0.0021797,0.0076296,0.013135,2
2.3804,-0.0020961,0.0075593,0.013088,2
2.397,-0.0021071,0.0076865,0.013156,2
2.4137,-0.0021464,0.0077399,0.01315,2
2.4304,-0.0021027,0.0076158,0.012871,2
2.447,-0.002339,0.0075287,0.012835,2
2.4637,-0.0022276,0.007513,0.012959,2
2.4804,-0.0021997,0.0075894,0.012443,2
2.497,-0.002276,0.0077687,0.013547,2
2.5137,-0.0022681,0.0075058,0.013763,2
2.5304,-0.0022517,0.007833,0.013645,2
2.547,-0.0022744,0.0075858,0.013453,2
2.5637,-0.002187,0.0074286,0.013575,2
2.5804,-0.0022964,0.0073139,0.013393,2
2.597,-0.0022591,0.0073005,0.01314,2
2.6137,-0.0022511,0.0074102,0.013264,2
2.6304,-0.0022595,0.0073851,0.012993,2
2.6471,-0.0024314,0.007365,0.012779,2
2.6637,-0.002295,0.0075587,0.013077,2
2.6804,-0.0023301,0.0076131,0.012993,2
2.6971,-0.0023775,0.0077047,0.013303,2
2.7137,-0.0024317,0.0073802,0.013429,2
2.7304,-0.0025182,0.0070881,0.013166,2
2.7471,-0.0024065,0.0070638,0.012861,2
2.7637,-0.0023393,0.0070872,0.012556,2
2.7804,-0.0023074,0.0070166,0.012764,2
2.7971,-0.0021976,0.0071185,0.01232,2
2.8137,-0.0022024,0.0071421,0.012449,2
2.8304,-0.0021211,0.0071392,0.012161,2
2.8471,-0.0021461,0.0071201,0.012146,2
2.8637,-0.0020544,0.0072183,0.012162,2
2.8804,-0.002098,0.0072906,0.012128,2
2.8971,-0.0020604,0.0077266,0.013603,2
2.9137,-0.002048,0.0075165,0.013013,2
2.9304,-0.0022274,0.0070918,0.013034,2
2.9471,-0.0021383,0.0072805,0.013113,2
2.9637,-0.0020246,0.0073704,0.012205,2
2.9804,-0.0021781,0.0074862,0.012921,2
2.9971,-0.0021761,0.0074774,0.01237,2
3.0137,-0.0023116,0.007815,0.012588,2
3.0304,-0.0022452,0.0075643,0.012917,2
3.0471,-0.0022079,0.0074331,0.012834,2
3.0637,-0.0021486,0.0075254,0.013069,2
3.0804,-0.0021141,0.0075378,0.013059,2
3.0971,-0.0019818,0.0076333,0.014812,2
3.1137,-0.001946,0.0074883,0.014502,2
3.1304,-0.0020556,0.0074521,0.013604,2
3.1471,-0.0019243,0.0073634,0.014218,2
3.1637,-0.001893,0.0073116,0.013809,2
3.1804,-0.0020003,0.0075426,0.013437,2
3.1971,-0.0020741,0.0072768,0.013345,2
3.2137,-0.0022208,0.0075118,0.014044,2
3.2304,-0.0023106,0.0072389,0.013319,2
3.2471,-0.0022464,0.0073492,0.012705,2
3.2637,-0.0023796,0.0072789,0.01362,2
3.2804,-0.0023554,0.0072826,0.013369,2
3.2971,-0.0024084,0.0071855,0.014326,2
3.3137,-0.0023697,0.007018,0.014002,2
3.3304,-0.0026669,0.0068202,0.013904,2
3.3471,-0.002292,0.0071406,0.013797,2
3.3637,-0.0022848,0.0071283,0.013823,2
3.3804,-0.0021252,0.0074687,0.01374,2
3.3971,-0.0020763,0.0073512,0.013758,2
3.4137,-0.0021328,0.0076094,0.0146,2
3.4304,-0.0021222,0.0073513,0.013727,2
3.4471,-0.0022724,0.0070863,0.013108,2
3.4637,-0.0021617,0.0072637,0.013846,2
3.4804,-0.0020854,0.0071671,0.013496,2
3.4971,-0.0020729,0.0075366,0.014179,2
3.5137,-0.0021093,0.0072372,0.014007,2
3.5304,-0.002103,0.0074568,0.014431,2
3.5471,-0.0021092,0.0072495,0.013946,2
3.5637,-0.0021183,0.0073813,0.013388,2
3.5804,-0.0020721,0.0073813,0.013846,2
3.5971,-0.0019217,0.0073002,0.013591,2
3.6137,-0.0019085,0.0076507,0.014558,2
3.6304,-0.0019085,0.0074569,0.013915,2
3.6471,-0.0020151,0.0074889,0.013789,2
3.6637,-0.0019678,0.0073254,0.013412,2
3.6804,-0.0019865,0.0073841,0.01269,2
3.6971,-0.0020167,0.007283,0.0128,2
3.9804,0.0042269,-0.0030178,-0.0011423,3
3.9971,0.0045579,-0.0033335,-0.0019106,3
4.0137,0.0046299,-0.003419,-0.0036823,3
4.0304,0.0044767,-0.0031874,-0.0044403,3
4.0471,0.004362,-0.0025409,-0.0051365,3
4.0637,0.003953,-0.0026075,-0.0054111,3
4.0804,0.0031803,-0.00342,-0.0060004,3
4.0971,0.0026902,-0.0038264,-0.0059099,3
4.1137,0.002378,-0.0042814,-0.005334,3
4.1304,0.0024277,-0.0039732,-0.0049471,3
4.1471,0.0028751,-0.0038021,-0.0045653,3
4.2471,0.0039345,-0.0030396,-0.00080691,3
4.2637,0.0040446,-0.0034485,-0.000934,3
4.2804,0.0039853,-0.0035274,-0.001664,3
4.2971,0.0035886,-0.002861,-0.0020354,3
4.3137,0.0033414,-0.0032328,-0.0031361,3
4.3304,0.0028616,-0.003617,-0.0036865,3
4.3471,0.0029113,-0.0040459,-0.004083,3
4.3637,0.0029531,-0.0044693,-0.0051298,3
4.3804,0.0031437,-0.0044405,-0.004364,3
5.0638,-0.0027324,0.0030476,0.0025803,4
5.0804,-0.0043311,0.0025679,0.0022763,4
5.0971,-0.0057585,0.001575,0.001191,4
5.1138,-0.0064953,0.00061159,-0.00059301,4
5.1304,-0.0087781,-0.001048,-0.00043638,4
5.1471,-0.010938,-0.0021134,-0.00043419,4
5.1638,-0.011573,-0.0021837,-0.00090247,4
5.1804,-0.011622,-0.0022045,-0.0027133,4
5.1971,-0.01273,-0.002384,-0.0040028,4
5.2138,-0.013557,-0.0026628,-0.0038996,4
5.2304,-0.013126,-0.0030652,-0.002528,4
5.2471,-0.013779,-0.0035597,-0.002437,4
5.2638,-0.0154,-0.0045743,-0.0023089,4
5.2804,-0.015706,-0.0047574,-0.0023772,4
5.2971,-0.015911,-0.0048204,-0.0026851,4
5.3138,-0.016309,-0.0041883,-0.001475,4
5.3304,-0.015793,-0.0044175,-0.00067388,4
5.3471,-0.015671,-0.0046937,-0.000365,4
5.3638,-0.01561,-0.0047835,-2.4971e-05,4
5.3804,-0.014971,-0.0044305,-0.00018082,4
5.3971,-0.015253,-0.0047048,-0.0026784,4
5.4138,-0.015493,-0.0042103,-0.0035113,4
5.4304,-0.015324,-0.0046066,-0.0021896,4
5.4471,-0.015709,-0.0046949,-0.00098539,4
5.4638,-0.015993,-0.0048009,-0.00018339,4
5.4804,-0.01599,-0.0046898,-0.00020874,4
5.4971,-0.016393,-0.0045667,-0.0010257,4
5.5138,-0.016074,-0.0043756,-0.0016641,4
5.5304,-0.01682,-0.0051711,-0.0016368,4
5.5471,-0.017451,-0.0052746,-0.0014973,4
5.5638,-0.017604,-0.0050189,-0.0025588,4
5.5804,-0.017631,-0.0053448,-0.0021837,4
5.5971,-0.017503,-0.0053033,-0.0021828,4
5.6138,-0.017365,-0.0050052,-0.0022755,4
5.6304,-0.01735,-0.0049544,-0.0025803,4
5.6471,-0.017572,-0.0050176,-0.0024086,4
5.6638,-0.017064,-0.0045676,-0.0027096,4
5.6804,-0.018175,-0.0052426,-0.0025017,4
5.6971,-0.017425,-0.0050031,-0.0025231,4
5.7138,-0.016514,-0.0045756,-0.0021921,4
5.7304,-0.015784,-0.0039887,-0.0021968,4
5.7471,-0.015536,-0.0037305,-0.0020941,4
5.7638,-0.014137,-0.0029126,-0.00163,4
5.7804,-0.014858,-0.0033623,-0.0013315,4
5.7971,-0.015657,-0.0036384,-0.002119,4
5.8138,-0.01565,-0.0038195,-0.0021784,4
5.8304,-0.01585,-0.0039563,-0.0019739,4
5.8471,-0.015893,-0.0040593,-0.0018968,4
5.8638,-0.015361,-0.004058,-0.0014856,4
5.8804,-0.016125,-0.0045051,-0.0014844,4
5.8971,-0.0162,-0.0045192,-0.0015433,4
5.9138,-0.016665,-0.0048716,-0.0018139,4
5.9304,-0.017091,-0.0051402,-0.0024967,4
5.9471,-0.018131,-0.0055252,-0.0027037,4
5.9638,-0.017611,-0.0051958,-0.0029967,4
5.9804,-0.017848,-0.0053312,-0.002745,4
5.9971,-0.017569,-0.0052865,-0.0025786,4
6.0138,-0.017854,-0.0052417,-0.0026575,4
6.0304,-0.017206,-0.004685,-0.0027473,4
6.0471,-0.016844,-0.0046468,-0.0021235,4
6.0638,-0.016595,-0.004577,-0.0025264,4
6.0804,-0.016784,-0.0045892,-0.0024154,4
6.0971,-0.017731,-0.0048389,-0.0027763,4
6.1138,-0.01774,-0.0048421,-0.0033918,4
6.1304,-0.017624,-0.0050071,-0.0030109,4
6.1471,-0.017717,-0.0049253,-0.003581,4
6.1638,-0.018381,-0.00514,-0.0039536,4
6.1804,-0.017602,-0.0046855,-0.0041102,4
6.1971,-0.016659,-0.0042674,-0.0036843,4
6.2138,-0.016947,-0.0044053,-0.0031185,4
6.2304,-0.017339,-0.0042192,-0.0034213,4
6.2471,-0.016678,-0.0040786,-0.0037769,4
6.2638,-0.016568,-0.0041085,-0.0032298,4
6.2805,-0.016599,-0.0045435,-0.0021668,4
6.2971,-0.017156,-0.0046736,-0.0022872,4
6.3138,-0.016547,-0.004507,-0.0022914,4
6.3305,-0.017224,-0.0049164,-0.0020222,4
6.3471,-0.016797,-0.0049572,-0.0025611,4
6.3638,-0.017422,-0.0056551,-0.0014055,4
6.3805,-0.017112,-0.0056093,-0.00066834,4
6.3971,-0.017402,-0.0057287,-0.00099442,4
6.4138,-0.016435,-0.005057,-0.0015964,4
6.4305,-0.016802,-0.0042882,-0.0040455,4
6.4471,-0.016936,-0.0047395,-0.0038321,4
6.4638,-0.016472,-0.0046371,-0.0041471,4
6.4805,-0.016189,-0.0046411,-0.0035686,4
6.4971,-0.016059,-0.0046909,-0.0032579,4
6.5138,-0.016766,-0.0050049,-0.0034144,4
6.5305,-0.01588,-0.0050555,-0.0027547,4
6.5471,-0.015887,-0.0050174,-0.002753,4
6.5638,-0.015334,-0.0046182,-0.002999,4
6.5805,-0.016654,-0.0051112,-0.0031153,4
6.5971,-0.015984,-0.0042236,-0.0047308,4
6.6138,-0.016053,-0.0041414,-0.0044579,4
6.6305,-0.015856,-0.0039951,-0.0043669,4
6.6471,-0.01668,-0.0038912,-0.004991,4
6.6638,-0.016025,-0.0038468,-0.0052055,4
6.6805,-0.01615,-0.0042189,-0.0047742,4
6.6971,-0.017011,-0.0045635,-0.0049638,4
6.7138,-0.01662,-0.0043192,-0.0053772,4
6.7305,-0.016593,-0.0049218,-0.004152,4
6.7471,-0.016033,-0.0048031,-0.0029486,4
6.7638,-0.017283,-0.005582,-0.0024747,4
6.7805,-0.01633,-0.0052036,-0.0028828,4
6.7971,-0.016948,-0.0055875,-0.0027448,4
6.8138,-0.016458,-0.0055729,-0.0029311,4
6.8305,-0.017632,-0.0062738,-0.0027745,4
6.8471,-0.016467,-0.0055474,-0.002858,4
6.8638,-0.016029,-0.0050042,-0.0024706,4
6.8805,-0.015323,-0.0046276,-0.0027391,4
6.8971,-0.016136,-0.0049323,-0.0025955,4
6.9138,-0.015381,-0.0048484,-0.0027179,4
6.9305,-0.015965,-0.0053338,-0.0026804,4
6.9471,-0.015824,-0.0052516,-0.0030397,4
6.9638,-0.017104,-0.0058013,-0.0031691,4
6.9805,-0.015959,-0.0050081,-0.0039937,4
6.9971,-0.015762,-0.0050972,-0.0037852,4
7.0138,-0.015002,-0.0048932,-0.0034377,4
7.0305,-0.016365,-0.0054971,-0.0034186,4
7.0471,-0.015548,-0.0045987,-0.0040403,4
7.0638,-0.01565,-0.0046786,-0.0039651,4
7.0805,-0.01588,-0.0047075,-0.0036312,4
7.0971,-0.017107,-0.0048361,-0.0050047,4
7.1138,-0.016558,-0.0047303,-0.0053389,4
7.1305,-0.016342,-0.0048651,-0.0050513,4
7.1471,-0.016666,-0.004934,-0.0046297,4
7.1638,-0.016887,-0.0047756,-0.0049624,4
7.1805,-0.016293,-0.0045602,-0.0051938,4
7.1971,-0.015526,-0.004118,-0.0047943,4
7.2138,-0.016164,-0.00436,-0.0046227,4
7.2305,-0.015937,-0.0043116,-0.0042556,4
7.2471,-0.015763,-0.0045362,-0.0039398,4
7.2638,-0.015377,-0.0045213,-0.0037929,4
7.2805,-0.016449,-0.0051437,-0.0032916,4
7.2971,-0.016001,-0.0049209,-0.0030343,4
7.3138,-0.016432,-0.0051984,-0.0024825,4
7.3305,-0.016104,-0.0049096,-0.0023487,4
7.3471,-0.017325,-0.0052263,-0.0021165,4
7.3638,-0.016601,-0.0048311,-0.0022244,4
7.3805,-0.017089,-0.0052798,-0.0020307,4
7.3971,-0.016509,-0.005107,-0.0019574,4
7.4138,-0.017729,-0.0056899,-0.0017624,4
7.4305,-0.017422,-0.0047349,-0.0038726,4
7.4471,-0.017187,-0.0046279,-0.0037531,4
7.4638,-0.016539,-0.0043056,-0.0040938,4
7.4805,-0.017681,-0.0048652,-0.0039077,4
7.4971,-0.016334,-0.0038738,-0.0047879,4
7.5138,-0.01584,-0.0040363,-0.0039235,4
7.5305,-0.016067,-0.0041311,-0.0038519,4
7.5471,-0.017303,-0.0045975,-0.0039044,4
7.5638,-0.016232,-0.0040101,-0.0046814,4
7.5805,-0.01652,-0.0043999,-0.0046399,4
7.5971,-0.016724,-0.0044409,-0.0038677,4
7.6138,-0.017463,-0.0047269,-0.0041309,4
7.6305,-0.016834,-0.0045731,-0.0043926,4
7.6471,-0.016321,-0.0043081,-0.0042384,4
7.6638,-0.017035,-0.0048781,-0.0037967,4
7.6805,-0.016887,-0.0052368,-0.0035895,4
7.6971,-0.016384,-0.0051333,-0.003551,4
7.7138,-0.016127,-0.0049481,-0.0034444,4
7.7305,-0.017156,-0.0055936,-0.003313,4
7.7471,-0.016427,-0.0047782,-0.004231,4
7.7638,-0.016045,-0.0043877,-0.0050096,4
7.7805,-0.015618,-0.0040542,-0.0046504,4
7.7971,-0.016712,-0.0044647,-0.0045261,4
7.8138,-0.016098,-0.0040566,-0.0049381,4
7.8305,-0.016141,-0.0041461,-0.0048891,4
7.8471,-0.016233,-0.004342,-0.004854,4
7.8638,-0.017639,-0.0052445,-0.0031215,4
7.8805,-0.017058,-0.0053112,-0.0036465,4
7.8971,-0.016786,-0.0053733,-0.0036476,4
7.9138,-0.01711,-0.0056659,-0.003373,4
7.9305,-0.017748,-0.0057193,-0.0033159,4
7.9471,-0.017089,-0.0053116,-0.0026215,4
7.9638,-0.016086,-0.0043777,-0.0029874,4
7.9805,-0.016422,-0.0048783,-0.001755,4
7.9971,-0.016109,-0.0046423,-0.0015211,4
8.0138,-0.015972,-0.0047322,-0.0014073,4
8.0305,-0.015621,-0.0044398,-0.0018177,4
8.0471,-0.01562,-0.004436,-0.0017805,4
8.0638,-0.01428,-0.0032782,-0.0027388,4
8.2972,0.0030859,-0.0061931,0.0023325,3
8.3138,0.0032194,-0.0059489,0.0016421,3
8.3305,0.0038115,-0.0046492,0.00076139,3
8.3472,0.0037217,-0.0039767,0.00089948,3
8.3638,0.0039127,-0.003254,0.0021037,3
8.3805,0.0039912,-0.0028735,0.0034717,3
8.3972,0.0040697,-0.0028708,0.0023882,3
8.4138,0.0038759,-0.0025132,0.0012097,3
8.4305,0.0037241,-0.0022844,-0.0020651,3
8.4472,0.0037199,-0.0017931,-0.0022864,3
8.4638,0.0037381,-0.0018747,-0.0023348,3
8.4805,0.0036829,-0.0024896,0.0015751,3
8.8305,0.00091573,0.0053044,-0.0020087,9
8.8472,0.00081297,0.0054223,-0.0019637,9
8.8638,0.00094455,0.0063833,-0.0030584,9
8.8805,0.0010282,0.0054911,-0.0027199,9
8.8972,0.0016136,0.0036912,-0.0023555,9
8.9138,0.0017816,0.0030316,-0.0024689,9
8.9305,0.001757,0.0031352,-0.0023583,9
8.9472,0.0016228,0.0043287,-0.0036736,9
8.9638,0.0017675,0.0027793,-0.0032669,9
8.9805,0.00083505,0.0063737,-0.0026737,9
8.9972,0.00088728,0.0064282,-0.0028112,9
9.0138,0.00091893,0.0062917,-0.0027366,9
9.0305,0.00094513,0.0064685,-0.0030376,9
9.0472,0.00085748,0.0064121,-0.0028454,9
9.0638,0.00075215,0.0066497,-0.0024209,9
9.0805,0.00052061,0.0055674,-0.001222,9
9.0972,0.0013052,0.0054768,-0.0024913,9
9.1138,0.001264,0.005717,-0.0034442,9
9.1305,0.0010769,0.0052738,-0.0025021,9
9.1472,0.00079972,0.0060433,-0.00067324,9
9.1638,0.0016439,0.0042637,-0.002426,9
9.1805,0.00028948,0.0048377,0.0022968,9
9.1972,0.00047367,0.0043943,0.0018196,9
9.2138,0.00093111,0.0038977,0.00033171,9
9.2305,0.00082848,0.0039733,1.9853e-05,9
9.2472,0.00091895,0.0041546,-0.0013848,9
9.2638,0.000969,0.004146,-0.0023663,9
9.2805,0.00079473,0.0043362,-0.00067805,9
9.2972,0.0013835,0.0041469,-0.0018981,9
9.3138,0.0010605,0.0044676,-0.001039,9
9.3305,0.00095887,0.0046093,-0.00084682,9
9.3472,0.0006732,0.0054239,8.182e-05,9
9.3638,0.00081855,0.0053167,-0.0012131,9
9.3805,0.00059958,0.0055188,-0.00047157,9
9.3972,0.0005875,0.0050886,-0.00076279,9
9.4138,0.00056417,0.0051112,-0.00063709,9
9.4305,0.00073651,0.0053977,-0.0010688,9
9.4472,0.00090293,0.0055175,-0.0018513,9
9.4638,0.0012896,0.0054951,-0.0032983,9
9.4805,0.00097698,0.005985,-0.0019371,9
9.4972,0.0010218,0.006266,-0.0023711,9
9.5138,0.0010147,0.0062743,-0.0023599,9
9.5305,0.00088016,0.0062854,-0.0030474,9
9.5472,0.00084008,0.0064598,-0.004035,9
9.5638,0.00082316,0.0063114,-0.0038715,9
9.5805,0.00084838,0.0061904,-0.0032924,9
9.5972,0.0010326,0.0062188,-0.0024773,9
9.6138,0.00088563,0.0065602,-0.0023994,9
9.6305,0.00091137,0.0064396,-0.0024712,9
9.6472,0.00085126,0.0068074,-0.0035892,9
9.6638,0.00084283,0.0068551,-0.0035855,9
9.6805,0.00053129,0.0061681,-0.0012579,9
9.6972,0.00062065,0.0061542,-0.0011273,9
9.7138,0.00060756,0.0059228,-0.0010593,9
9.7305,0.00067937,0.0058692,-0.0013158,9
9.7472,0.00045408,0.005433,-0.00034385,9
9.7638,0.00055004,0.0054555,-0.0014008,9
9.7805,0.00048726,0.0051744,-0.00099088,9
9.7972,0.00047287,0.0053511,-0.0016633,9
9.8138,0.00064879,0.0054505,-0.0007256,9
9.8305,0.00067506,0.0053988,-0.00080202,9
9.8472,0.00081341,0.0066567,-0.0011905,9
9.8638,0.00052564,0.0056655,-0.0006952,9
9.8805,0.00052454,0.0056825,-0.00066022,9
9.8972,0.00052323,0.0056955,-0.00064138,9
9.9139,0.00053675,0.0056437,-0.00065978,9
9.9305,0.00051723,0.005696,-0.00087326,9
9.9472,0.00096353,0.0060458,-0.0020749,9
9.9639,0.00094959,0.0062006,-0.0022682,9
9.9805,0.00092597,0.0064196,-0.0023049,9
9.9972,0.00073324,0.0065542,-0.0044681,9
10.014,0.00073003,0.0067361,-0.0047421,9
10.031,0.00089446,0.007017,-0.0051501,9
10.047,0.00075829,0.0067508,-0.0048102,9
10.064,0.00085041,0.0059852,-0.0030006,9
10.081,0.0010712,0.0053349,-0.0023185,9
10.097,0.00069729,0.005538,-0.0011708,9
10.114,0.00096023,0.0052476,-0.0017907,9
10.131,0.00090292,0.0053505,-0.0016304,9
10.147,0.00074122,0.0054193,-0.0011976,9
10.164,0.00088187,0.0059045,-0.0020391,9
10.181,0.00099295,0.0056038,-0.0023994,9
10.197,0.0010154,0.0060733,-0.0025233,9
10.214,0.0010216,0.0060125,-0.0024365,9
10.231,0.00097373,0.0062471,-0.002441,9
10.247,0.00081878,0.0067123,-0.0021828,9
10.264,0.00094151,0.0063807,-0.0025844,9
10.281,0.00075787,0.0066406,-0.0049606,9
10.297,0.00083781,0.00633,-0.00396,9
10.314,0.00080931,0.0065161,-0.0044327,9
10.331,0.00086892,0.0061982,-0.0037305,9
10.347,0.00068595,0.0073203,-0.0028346,9
10.364,0.00085314,0.0065603,-0.0022414,9
10.381,0.00091527,0.0062131,-0.0023685,9
10.397,0.00092273,0.0061887,-0.0023168,9
10.414,0.00089517,0.006235,-0.0022394,9
10.431,0.0010146,0.0056187,-0.00285,9
10.447,0.001212,0.0054482,-0.0031085,9
10.464,0.00098702,0.0061959,-0.0026551,9
10.481,0.0009916,0.0061847,-0.0027174,9
10.497,0.00097268,0.0062248,-0.0026671,9
10.514,0.00096991,0.0062882,-0.002671,9
10.531,0.00095795,0.0062951,-0.0026069,9
10.547,0.00096315,0.0062361,-0.002525,9
10.564,0.00095773,0.0062459,-0.0024839,9
10.581,0.0007425,0.0066195,-0.0047706,9
10.597,0.00077454,0.0065671,-0.0048772,9
10.614,0.00080875,0.006646,-0.0051698,9
10.631,0.0010048,0.0062452,-0.0027186,9
10.647,0.0010221,0.0061906,-0.0027503,9
10.664,0.0010129,0.0062442,-0.0028471,9
10.681,0.0010022,0.0060073,-0.0025897,9
10.697,0.0008546,0.0065659,-0.0041308,9
10.714,0.00074127,0.0065601,-0.0048836,9
10.731,0.00075501,0.0064305,-0.0047274,9
10.747,0.00077404,0.0064288,-0.0048629,9
10.764,0.0008449,0.0066339,-0.0042158,9
10.781,0.00098313,0.0059701,-0.0024268,9
10.797,0.00093449,0.0058433,-0.0022758,9
10.814,0.00091404,0.0058112,-0.0022234,9
10.831,0.00089291,0.0058256,-0.0022495,9
10.847,0.00088937,0.0058028,-0.0022574,9
10.864,0.0006528,0.0066348,-0.0046007,9
10.881,0.0010499,0.0059267,-0.0029016,9
10.897,0.0010316,0.0059191,-0.00277,9
10.914,0.00096289,0.0065698,-0.0033414,9
10.931,0.00096213,0.0064464,-0.0030566,9
10.947,0.00084597,0.0072982,-0.0038126,9
10.964,0.00084568,0.0073589,-0.0038722,9
10.981,0.00085174,0.0072283,-0.003614,9
10.997,0.0013948,0.0052804,-0.0037179,9
11.014,0.0009104,0.0058114,-0.0022538,9
11.031,0.00074203,0.0058881,-0.0018079,9
11.047,0.00082046,0.0056643,-0.0019226,9
11.064,0.00075389,0.005859,-0.0016678,9
11.081,0.00070675,0.0054918,-0.0012242,9
11.097,0.00069785,0.0054843,-0.0011837,9
11.114,0.00071054,0.005474,-0.001259,9
11.131,0.00069188,0.0055017,-0.0012584,9
11.147,0.00071742,0.0054496,-0.0013268,9
11.164,0.0010153,0.0063221,-0.0030827,9
11.181,0.0010178,0.0063265,-0.0031281,9
11.197,0.00077128,0.006727,-0.0053264,9
11.214,0.00077222,0.0068031,-0.0053702,9
11.231,0.00078453,0.0068502,-0.0051227,9
11.247,0.00097458,0.0061703,-0.0035226,9
11.264,0.001049,0.0063436,-0.0032844,9
11.281,0.0010224,0.006449,-0.0031998,9
11.297,0.0009649,0.00663,-0.0036376,9
11.314,0.00090667,0.0066757,-0.0038386,9
11.331,0.00093411,0.00652,-0.0029006,9
11.347,0.00098181,0.0064265,-0.0031422,9
11.364,0.00098231,0.0063064,-0.0034554,9
11.381,0.00097081,0.0062951,-0.0033352,9
11.397,0.0009091,0.0062538,-0.0038772,9
11.414,0.0010399,0.0062936,-0.0032986,9
11.431,0.0010346,0.0065261,-0.003327,9
11.447,0.0010217,0.006389,-0.003182,9
11.464,0.0010265,0.0064584,-0.0033761,9
11.481,0.0010221,0.006455,-0.0033839,9
11.497,0.00088874,0.0062893,-0.0038989,9
11.514,0.00080028,0.0070531,-0.0034468,9
11.531,0.00091117,0.0066575,-0.0034432,9
11.547,0.00091939,0.0065833,-0.0034432,9
11.564,0.00093964,0.0067246,-0.0035887,9
11.581,0.00082289,0.0071436,-0.0050279,9
11.597,0.00077274,0.0067542,-0.0040935,9
11.614,0.00095862,0.0062899,-0.0041261,9
11.631,0.00095831,0.0061597,-0.0039624,9
11.647,0.00090155,0.0064331,-0.004548,9
11.664,0.00089496,0.0064181,-0.0046204,9
11.681,0.0010372,0.0063273,-0.0032897,9
11.697,0.0009771,0.0064912,-0.0031585,9
11.714,0.00098318,0.0064762,-0.0031278,9
11.731,0.00087037,0.0063827,-0.00413,9
11.747,0.00084523,0.0065495,-0.0042181,9
11.764,0.00098977,0.0064263,-0.0031121,9
11.781,0.0010005,0.0064006,-0.0030761,9
11.797,0.00099918,0.0063434,-0.0029494,9
11.814,0.00096587,0.0062871,-0.002972,9
12.014,0.0040576,-0.0053352,-0.0013864,3
12.031,0.0038535,-0.0051657,0.00025324,3
12.047,0.0036808,-0.0049556,0.00089775,3
12.064,0.003855,-0.0053612,0.00075729,3
12.081,0.0039843,-0.0051536,0.00021469,3
12.097,0.0041437,-0.0052797,-0.00044489,3
12.114,0.0041228,-0.0048343,-0.000299,3
12.131,0.004059,-0.0046998,-6.2066e-05,3
12.147,0.0038786,-0.0046231,-0.0004382,3
12.164,0.0039088,-0.0047741,0.00010873,3
12.181,0.0038502,-0.004266,0.00025378,3
12.197,0.0037993,-0.0041599,0.00055341,3
12.214,0.0037892,-0.0041482,0.00025168,3
12.231,0.0035968,-0.0038323,0.00080742,3
12.247,0.0034818,-0.0035326,0.0015317,3
12.264,0.0034317,-0.0036298,0.0016621,3
12.281,0.003408,-0.0034791,0.0018963,3
12.297,0.0039441,-0.0042755,0.00061566,3
12.314,0.0041607,-0.0042632,-0.00042,3
12.331,0.0042882,-0.003699,-0.0015795,3
12.347,0.0043093,-0.0028402,-0.0030968,3
12.364,0.0044314,-0.0029818,-0.0050848,3
12.381,0.0043473,-0.0028669,-0.0049041,3
12.397,0.004381,-0.0028218,-0.0050237,3
12.414,0.0043886,-0.0024761,-0.0052641,3
12.431,0.0044307,-0.0029882,-0.0041925,3
12.447,0.0042858,-0.0031252,-0.0028359,3
12.464,0.0042827,-0.0035717,-0.0026339,3
12.481,0.0042875,-0.0042039,-0.0015054,3
12.497,0.0041883,-0.0038379,-0.00078797,3
12.514,0.0040887,-0.0041626,4.2428e-05,3
12.531,0.0041056,-0.0048567,0.00034895,3
12.547,0.0041825,-0.0050606,0.00080319,3
12.631,0.0039825,-0.0049159,-0.00057966,3
12.647,0.003732,-0.004403,-0.00030935,3
12.664,0.0037857,-0.0037906,-0.00081731,3
12.681,0.0039731,-0.0041996,-0.00046547,3
12.697,0.0043267,-0.0044811,-0.00064327,3
12.714,0.0045557,-0.0049998,-0.0011874,3
12.731,0.0044175,-0.0049377,-0.0012252,3
12.747,0.0042806,-0.0049335,-0.00051979,3
12.764,0.0041544,-0.0045631,-0.00037041,3
12.781,0.0041192,-0.0044783,-0.00080154,3
12.797,0.0039734,-0.004355,-0.00047186,3
12.814,0.0039665,-0.0041666,-0.00069088,3
12.831,0.0039548,-0.0039948,-0.0013127,3
12.847,0.0039139,-0.0038769,-0.00097722,3
12.864,0.0041627,-0.0048368,-0.00079844,3
12.881,0.0043734,-0.0053275,-0.0012724,3
12.897,0.0043359,-0.005207,-0.00075792,3
12.914,0.004224,-0.0050925,-8.6493e-05,3
12.931,0.0042388,-0.0052136,0.00037716,3
12.947,0.0040758,-0.005072,0.00019086,3
12.964,0.0037552,-0.0044644,0.0011563,3
12.981,0.003956,-0.0050817,0.0019359,3
13.881,0.0030712,-0.0051875,-0.0005686,1
13.897,0.003053,-0.0049727,-0.00069564,1
13.914,0.0030815,-0.0051246,-0.00055503,1
13.931,0.0029859,-0.0051533,-0.00066514,1
13.947,0.0032658,-0.0048177,-0.0009178,1
13.964,0.0032117,-0.0047211,-0.00088038,1
13.981,0.0031843,-0.00508,-0.0009812,1
13.997,0.0031045,-0.005222,-0.00077149,1
14.014,0.0030665,-0.0047547,0.00035367,1
14.031,0.0034395,-0.0056867,0.0010431,1
14.047,0.0035938,-0.0063143,0.001455,1
14.064,0.0037042,-0.0062395,0.0018072,1
14.081,0.0038064,-0.0057238,0.0012728,1
14.097,0.0037767,-0.0049039,0.00022067,1
14.114,0.0035129,-0.0053586,0.0007034,1
14.131,0.0033736,-0.0055426,0.00077273,1
14.147,0.0030583,-0.0057495,0.0004702,1
14.164,0.003057,-0.0057971,0.00040504,1
14.181,0.0029372,-0.005776,0.00039997,1
14.197,0.0029935,-0.0057856,0.0005841,1
14.214,0.0031836,-0.0055794,0.00065394,1
14.231,0.0031666,-0.0055754,0.00041363,1
14.247,0.0032926,-0.0054959,0.00022553,1
14.264,0.003225,-0.005597,0.00041413,1
14.281,0.0030857,-0.0057079,9.8011e-05,1
14.297,0.0030383,-0.0057637,0.00012063,1
14.314,0.0031952,-0.0058212,4.1629e-06,1
14.331,0.0031207,-0.0055756,3.2471e-05,1
14.347,0.0032848,-0.0057598,0.00043865,1
14.364,0.0035112,-0.0063424,0.00081268,1
14.381,0.0036999,-0.0062234,0.00046237,1
14.397,0.0037538,-0.0059665,0.00019267,1
14.414,0.0033249,-0.005703,3.954e-06,1
14.431,0.0031737,-0.0049024,-0.00063479,1
14.447,0.0033964,-0.0050588,-0.0006025,1
14.464,0.0032976,-0.005333,-0.00063544,1
14.481,0.0032241,-0.0051676,-0.00048106,1
14.497,0.0033509,-0.0052185,-0.00013017,1
14.514,0.0032686,-0.0045581,-5.164e-05,1
14.531,0.0033387,-0.0056406,0.0002989,1
14.547,0.0037002,-0.0063864,0.00089322,1
14.564,0.0036432,-0.0063726,0.00078919,1
14.581,0.0035123,-0.0062756,0.00059667,1
14.597,0.0031065,-0.0052607,0.001475,1
14.614,0.0032284,-0.0055875,0.00042513,1
14.631,0.003273,-0.0056108,0.00031505,1
14.647,0.0028671,-0.005788,0.00031156,1
14.664,0.0027198,-0.0058533,0.00022595,1
14.681,0.0027036,-0.0057964,0.00054851,1
14.697,0.0028418,-0.0057729,0.00024095,1
14.714,0.002871,-0.0055001,0.00011458,1
14.731,0.0031926,-0.0055012,0.00018943,1
14.747,0.0030829,-0.0057644,-0.00012742,1
14.764,0.0028507,-0.0059871,-5.2735e-05,1
14.781,0.0028552,-0.0059944,-2.2596e-05,1
14.797,0.0025618,-0.0059845,-0.00010406,1
14.814,0.0025992,-0.0059275,-8.4022e-05,1
14.831,0.0027181,-0.0058662,3.9829e-05,1
14.847,0.0028786,-0.0056957,-3.5615e-05,1
14.864,0.0030812,-0.0056507,-3.5725e-05,1
14.881,0.0030029,-0.0056034,0.00010864,1
14.897,0.0029715,-0.0055322,7.621e-05,1
14.914,0.002833,-0.0056361,0.0001509,1
14.931,0.0027319,-0.0056591,0.00011018,1
14.947,0.0027478,-0.0057291,0.00025201,1
14.964,0.0027295,-0.0057804,0.00013704,1
14.981,0.0027564,-0.0058726,0.00027222,1
14.997,0.00296,-0.005751,0.00025679,1
15.014,0.0032867,-0.0054517,0.00011637,1
15.031,0.0032327,-0.0053641,-6.364e-05,1
15.047,0.0031042,-0.0054105,0.00024535,1
15.064,0.0030575,-0.005573,6.9423e-05,1
15.081,0.0029876,-0.0056599,0.00016406,1
15.097,0.0028692,-0.005858,2.9256e-05,1
15.114,0.0029266,-0.0059014,9.5302e-05,1
15.131,0.0030419,-0.0058598,0.0003473,1
15.147,0.0030514,-0.0056256,0.00010397,1
15.164,0.0029693,-0.0057875,0.00038444,1
15.181,0.0029863,-0.0056696,0.00012592,1
15.197,0.0028966,-0.0055304,-0.00018244,1
15.214,0.0028314,-0.005778,-0.00014247,1
15.231,0.0028529,-0.0058465,-5.8153e-05,1
15.247,0.0029978,-0.0057243,-8.9878e-05,1
15.264,0.00307,-0.0058103,-0.00032191,1
15.281,0.0029554,-0.005758,5.4157e-05,1
15.297,0.0030198,-0.0057466,0.00032164,1
15.314,0.0031124,-0.0057912,0.0003915,1
15.331,0.0030853,-0.005734,0.00028248,1
15.347,0.0033589,-0.0054859,0.00027369,1
15.364,0.0031526,-0.0055909,0.00022505,1
15.381,0.0031978,-0.0056836,0.00022723,1
15.397,0.0030509,-0.0055204,0.00023208,1
15.414,0.003006,-0.0056782,0.00024069,1
15.431,0.0029781,-0.0057654,8.8053e-05,1
15.447,0.0030169,-0.0058629,0.00046399,1
15.464,0.0029588,-0.0058938,0.00035423,1
15.481,0.0029826,-0.0059355,0.00023042,1
15.497,0.0030217,-0.0059326,4.1841e-05,1
15.514,0.0028292,-0.0057285,0.00015477,1
15.531,0.0029203,-0.0055783,0.000148,1
15.547,0.0028473,-0.0056852,0.00036585,1
15.564,0.0027871,-0.0056987,0.00031127,1
15.581,0.0026995,-0.0056482,0.00028568,1
15.597,0.0028109,-0.0056178,0.00020239,1
15.614,0.0028011,-0.0057659,0.00036807,1
15.631,0.0028193,-0.0058199,0.00037218,1
15.647,0.0027432,-0.0059084,0.00031802,1
15.664,0.0028243,-0.0059557,0.00022087,1
15.681,0.0027006,-0.0060024,0.0002906,1
15.697,0.0027377,-0.0058656,0.00031835,1
15.714,0.0027101,-0.005783,0.00011059,1
15.731,0.0027618,-0.0056842,0.00024104,1
15.747,0.0029217,-0.0056683,0.00014857,1
15.764,0.0029496,-0.0055865,0.00015543,1
15.781,0.0030061,-0.00567,0.00057355,1
15.797,0.0031052,-0.0057288,0.00069231,1
15.814,0.0030005,-0.0057319,0.00059889,1
15.831,0.0030678,-0.0057056,0.00065541,1
15.847,0.0029473,-0.0056842,0.0004599,1
15.864,0.0030828,-0.0056584,0.00034936,1
15.881,0.0029923,-0.0056362,0.0001676,1
15.897,0.0031224,-0.0054773,-0.00029269,1
15.914,0.0030644,-0.0053825,-0.00056393,1
15.931,0.0029293,-0.0055372,-0.00011579,1
15.947,0.0028138,-0.0056423,8.2198e-05,1
15.964,0.0029563,-0.0055515,0.00014974,1
15.981,0.0028256,-0.0056755,0.00014432,1
15.997,0.0027921,-0.0058805,0.00027135,1
16.014,0.0028341,-0.0058163,0.00017346,1
16.031,0.0028484,-0.0057761,1.8718e-05,1
16.047,0.0027952,-0.0058602,4.5355e-05,1
16.064,0.002969,-0.0057649,0.00029042,1
16.081,0.0029154,-0.0057843,0.00062926,1
16.097,0.0029576,-0.0057838,0.00036947,1
16.114,0.0029634,-0.005826,0.00029168,1
16.131,0.002952,-0.0058691,0.00026515,1
16.147,0.0029887,-0.0057341,5.9093e-05,1
16.164,0.0030628,-0.0057268,1.9302e-05,1
16.181,0.0031938,-0.0055941,0.00012607,1
16.197,0.0033265,-0.0054584,0.00016435,1
16.214,0.003444,-0.0053955,0.00030865,1
16.231,0.0033955,-0.0057004,0.00045088,1
16.247,0.0032722,-0.00572,0.00029911,1
16.264,0.0030815,-0.005796,0.00048727,1
16.281,0.0030205,-0.0058,0.00053458,1
16.297,0.0030696,-0.0055017,0.0002338,1
16.314,0.0030229,-0.0055121,3.8624e-05,1
16.331,0.0032329,-0.0053394,0.00019143,1
16.347,0.0032571,-0.0053746,0.00033676,1
16.364,0.0030787,-0.0056184,0.00034263,1
16.381,0.002927,-0.0056626,0.00028682,1
16.397,0.0030053,-0.0056072,0.00020455,1
16.414,0.0030076,-0.0056066,0.00011041,1
16.431,0.0029662,-0.005711,6.4423e-05,1
16.447,0.0031264,-0.0055471,-0.00028921,1
16.464,0.0031136,-0.0057439,-0.00016401,1
16.481,0.0030553,-0.0058741,-8.2153e-05,1
16.497,0.003042,-0.0058019,-0.00028057,1
16.514,0.003083,-0.0058347,-3.0783e-05,1
16.531,0.0029848,-0.0058556,-1.2493e-05,1
16.547,0.0030541,-0.005702,-6.1431e-05,1
16.564,0.003439,-0.0055053,1.1311e-05,1
16.581,0.0031698,-0.0053712,0.00027753,1
16.597,0.0033136,-0.0055699,0.00043753,1
16.614,0.0033959,-0.0054555,0.0005419,1
16.631,0.0033492,-0.0054637,0.00026249,1
16.647,0.0032656,-0.0054138,7.1393e-05,1
16.664,0.003039,-0.0056641,0.00016948,1
16.681,0.0027955,-0.005979,0.0001984,1
16.697,0.0027839,-0.0059714,0.0003404,1
16.714,0.0028245,-0.0059659,0.00053386,1
16.731,0.0028302,-0.005953,0.00040555,1
16.747,0.0029092,-0.0057508,0.00027913,1
16.764,0.0029757,-0.0056125,0.00052204,1
16.781,0.002827,-0.005583,0.00027327,1
16.797,0.0028511,-0.0054042,-7.4097e-05,1
16.814,0.0029704,-0.0054923,-3.3195e-05,1
16.831,0.0031531,-0.0055416,-4.3314e-05,1
16.847,0.0032413,-0.0054363,-8.9168e-05,1
16.864,0.0033106,-0.0054394,-9.2605e-05,1
17.131,0.0042186,-0.0046922,-0.00056262,3
17.147,0.0039402,-0.0049903,0.0010428,3
17.164,0.0039705,-0.0052362,0.0013454,3
17.181,0.0038833,-0.0054413,0.0015522,3
17.197,0.0037791,-0.0055648,0.0018453,3
17.214,0.0036608,-0.0046693,0.0013068,3
17.231,0.0035632,-0.0043999,0.0015849,3
17.247,0.0038298,-0.005266,0.00054499,3
17.264,0.0037689,-0.0050977,0.00057271,3
17.281,0.0037985,-0.0050651,0.00043686,3
17.297,0.003778,-0.005172,0.00039641,3
17.547,0.0041888,-0.0027801,-0.0015106,3
17.564,0.0044317,-0.0030225,-0.0042455,3
17.581,0.0041216,-0.0032591,-0.0037475,3
17.597,0.0038587,-0.003287,-0.0050028,3
17.614,0.0033276,-0.0039544,-0.0058147,3
17.631,0.0029448,-0.004267,-0.0067551,3
17.647,0.0028364,-0.00484,-0.0063199,3
17.664,0.0032219,-0.0045276,-0.0058484,3
17.681,0.0032976,-0.0043081,-0.0047561,3
17.747,0.0036782,-0.0041804,0.00082969,3
17.764,0.003793,-0.0043346,0.0002828,3
17.781,0.0039562,-0.0040261,0.00076675,3
17.797,0.0039877,-0.0032829,0.001068,3
17.814,0.0032687,-0.002914,-2.2599e-05,3
17.831,0.0036203,-0.003215,-0.0024301,3
17.847,0.0036067,-0.0035138,-0.0033966,3
17.864,0.0034168,-0.0041579,-0.0044181,3
17.881,0.0034747,-0.0048641,-0.0059747,3
17.897,0.0038659,-0.0044248,-0.0050817,3
17.914,0.0037379,-0.0040072,-0.003397,3
18.197,0.0010885,0.0004669,0.0043477,7
18.214,0.00035565,0.0037934,0.0027318,7
18.231,0.00037354,0.0041287,0.0025378,7
18.247,0.00019682,0.0047655,0.0019436,7
18.264,0.00031935,0.0045173,0.0015029,7
18.281,0.00059303,0.0043586,0.0014069,7
18.297,0.00056712,0.0043722,0.0017545,7
18.314,0.00053712,0.0044426,0.0011802,7
18.331,0.00058567,0.0046638,5.7845e-05,7
18.347,0.00051767,0.0055331,-0.00031478,7
18.364,0.00076974,0.005235,-0.0012233,7
18.381,0.00094248,0.0059378,-0.0019619,7
18.397,0.0010128,0.0063661,-0.0024079,7
18.414,0.0010084,0.0062015,-0.0023021,7
18.431,0.0010035,0.0062683,-0.0023984,7
18.447,0.00097641,0.0063359,-0.0022498,7
18.464,0.00095696,0.0063554,-0.0021521,7
18.481,0.00095885,0.0058455,-0.0019088,7
18.497,0.00098601,0.0057585,-0.0018599,7
18.514,0.00097115,0.0056732,-0.0017067,7
18.531,0.00095661,0.0055988,-0.0016236,7
18.547,0.00090644,0.0056822,-0.0016421,7
18.564,0.00093566,0.0056784,-0.0018264,7
18.581,0.00092923,0.0057293,-0.0019961,7
18.597,0.00083676,0.0059311,-0.0016356,7
18.614,0.0010048,0.0061507,-0.0019432,7
18.631,0.00049101,0.0059869,-0.00063586,7
18.647,0.00034212,0.0053824,-0.00030436,7
18.664,0.00047517,0.0051373,-0.00010282,7
18.681,0.00066977,0.0049311,-0.00090184,7
18.697,0.00071591,0.0060712,-0.0014094,7
18.714,0.00078993,0.0061235,-0.0018576,7
18.731,0.00077391,0.0061572,-0.0017714,7
18.747,0.00081285,0.0061182,-0.0017497,7
18.764,0.00092856,0.0057773,-0.00196,7
18.781,0.0008822,0.0057011,-0.0016381,7
18.797,0.00051534,0.0050779,-1.5999e-05,7
18.814,0.00086274,0.0055855,-0.0014247,7
18.831,0.00087605,0.0056059,-0.0015691,7
18.847,0.00090937,0.0058222,-0.0019093,7
18.864,0.0008575,0.0059943,-0.0021375,7
18.881,0.00081394,0.0060882,-0.0021196,7
18.897,0.00081945,0.0059953,-0.0017533,7
18.914,0.00082863,0.0059664,-0.0016974,7
18.931,0.00082674,0.0059616,-0.0016121,7
18.947,0.00089108,0.0059396,-0.0017096,7
18.964,0.0010127,0.0058255,-0.0018967,7
18.981,0.00090995,0.0058087,-0.0016724,7
18.997,0.00081784,0.0057607,-0.0013546,7
19.014,0.00086077,0.0056628,-0.0014251,7
19.031,0.00087716,0.0056597,-0.0015613,7
19.047,0.0008934,0.005661,-0.0016196,7
19.064,0.00082601,0.0058277,-0.0013916,7
19.081,0.00089181,0.0057418,-0.0015261,7
19.097,0.00094419,0.0056182,-0.0015741,7
19.114,0.0008882,0.005803,-0.0015097,7
19.131,0.00090689,0.0057489,-0.0014557,7
19.147,0.00092022,0.0057359,-0.0015181,7
19.164,0.00094998,0.0057024,-0.0016512,7
19.181,0.00090496,0.0058255,-0.0016183,7
19.197,0.00092204,0.0057487,-0.0015861,7
19.214,0.00096109,0.0057893,-0.0017529,7
19.231,0.00088425,0.0058983,-0.0016265,7
19.247,0.00082755,0.0059415,-0.0015225,7
19.264,0.00083959,0.005967,-0.001563,7
19.281,0.00079656,0.0061697,-0.0021521,7
19.297,0.001008,0.0064308,-0.0021897,7
19.314,0.00083091,0.0059141,-0.0020325,7
19.331,0.00083784,0.0059441,-0.0022214,7
19.347,0.00087154,0.0058383,-0.0016163,7
19.364,0.00083644,0.0058246,-0.0015743,7
19.381,0.00080956,0.0060497,-0.0024612,7
19.397,0.00076463,0.0062287,-0.0029461,7
19.414,0.00074504,0.0061507,-0.0028933,7
19.431,0.00088616,0.0065574,-0.0036455,7
19.447,0.0009125,0.0065427,-0.0034753,7
19.464,0.00075733,0.0061198,-0.0023589,7
19.481,0.00085837,0.0058413,-0.0016368,7
19.497,0.00082064,0.0059689,-0.0016144,7
19.514,0.00086312,0.0057838,-0.0016248,7
19.531,0.00084413,0.0058444,-0.0015489,7
19.547,0.00081197,0.0058151,-0.0013825,7
19.564,0.00083136,0.0058565,-0.0015104,7
19.581,0.00089801,0.0058261,-0.0017283,7
19.597,0.00083884,0.0058787,-0.001558,7
19.614,0.00084869,0.005938,-0.0017345,7
19.631,0.00091424,0.0067959,-0.0026871,7
19.647,0.00084114,0.0059017,-0.0016594,7
19.664,0.00053116,0.0052564,-0.00024292,7
19.681,0.00053742,0.0052146,-0.00025833,7
19.697,0.0009454,0.0055153,-0.00183,7
19.714,0.0009414,0.0054729,-0.0018466,7
19.731,0.00090036,0.0055221,-0.0018213,7
19.747,0.0010511,0.0060033,-0.0023572,7
19.764,0.00096504,0.0056083,-0.002137,7
19.781,0.00092544,0.0061412,-0.0021168,7
19.797,0.00072693,0.0062915,-0.0030862,7
19.814,0.00097795,0.0066427,-0.003312,7
19.831,0.00079017,0.0061113,-0.0031547,7
19.847,0.00081192,0.0061573,-0.0027479,7
19.864,0.000773,0.0060899,-0.0028704,7
19.881,0.000792,0.0061677,-0.002689,7
19.897,0.00082527,0.0059732,-0.0018724,7
19.914,0.0008467,0.0060134,-0.0018987,7
19.931,0.00087649,0.0058642,-0.0018227,7
19.947,0.00087295,0.0058346,-0.0017531,7
19.964,0.00087367,0.0058197,-0.001685,7
19.981,0.00078184,0.0061698,-0.0029306,7
19.997,0.00072375,0.0061487,-0.0024638,7
20.014,0.0008273,0.0057831,-0.0015924,7
20.031,0.0009727,0.0063335,-0.0021544,7
20.047,0.00098642,0.0061876,-0.0023084,7
20.064,0.00097954,0.0062932,-0.002264,7
20.081,0.00032797,0.0064023,-0.0025784,7
20.097,0.00015772,0.005381,0.0012576,7
20.114,0.00038029,0.0048958,0.0013544,7
20.281,0.0035304,-0.0047253,0.0014168,3
20.297,0.0041173,-0.0063251,0.00075922,3
20.314,0.0043132,-0.0063748,0.0010114,3
20.331,0.0041648,-0.0061351,0.0006561,3
20.347,0.0041258,-0.0054797,-0.00037521,3
20.364,0.0041633,-0.0050199,-0.00014046,3
20.381,0.0040409,-0.0048273,-0.00038296,3
20.397,0.0039898,-0.0045764,-0.00013932,3
20.414,0.0039834,-0.0045123,-0.00023012,3
20.431,0.0041993,-0.0050948,-0.00030507,3
20.447,0.0043692,-0.004725,-0.001134,3
20.464,0.0045357,-0.0045519,-0.0016237,3
20.481,0.0044815,-0.0049125,-0.0015027,3
20.497,0.0045812,-0.0050386,-0.0013087,3
20.514,0.004608,-0.0052651,-0.001323,3
20.531,0.0043174,-0.0050067,-0.0004019,3
20.547,0.0041494,-0.0044081,0.00074227,3
20.564,0.0043373,-0.0042848,-0.00036162,3
20.581,0.0043388,-0.0039859,-0.0010021,3
20.597,0.0039989,-0.0030739,-0.0017027,3
20.614,0.0040292,-0.0030179,-0.0017487,3
20.631,0.0039502,-0.0029948,-0.0011447,3
20.647,0.0040835,-0.0034531,-0.00096014,3
20.664,0.0041345,-0.0033572,-0.001156,3
20.681,0.0041131,-0.0035363,-0.001013,3
20.697,0.004151,-0.0040551,-0.00048101,3
20.714,0.0043469,-0.0043715,0.0003245,3
20.731,0.0039071,-0.0041695,0.00092584,3
20.747,0.0037636,-0.004095,0.0022482,3
20.764,0.003728,-0.0047725,0.0024234,3
20.847,0.0039135,-0.0053347,0.00089242,3
20.864,0.0039128,-0.0051316,0.00024596,3
20.881,0.0037197,-0.0045495,0.0007193,3
20.897,0.0036651,-0.0042535,0.0013373,3
20.914,0.0038173,-0.0046128,0.0011146,3
20.931,0.0037848,-0.0045018,0.0011558,3
20.947,0.0035914,-0.0044591,0.0018749,3
20.964,0.0037701,-0.0045395,0.00086712,3
20.981,0.003988,-0.0044399,0.00021115,3
20.997,0.0040493,-0.0044194,-0.00025673,3
21.014,0.0040407,-0.0040889,-0.00042469,3
21.031,0.0038949,-0.0037552,-0.00054971,3
21.047,0.0038959,-0.0037005,-0.00095085,3
21.064,0.0041119,-0.0044568,-0.0017602,3
21.081,0.0040241,-0.0040968,-0.00072527,3
21.097,0.0041899,-0.0041811,-0.00094836,3
21.114,0.0043432,-0.0043249,-0.001353,3
21.131,0.0042576,-0.0045886,-0.00071448,3
21.147,0.004011,-0.0041782,-1.9262e-06,3
21.164,0.0042593,-0.0051858,-0.0006045,3
21.181,0.0040318,-0.0046608,-4.4905e-06,3
21.197,0.0039865,-0.0044942,0.00059104,3
21.214,0.0041813,-0.005124,-0.00010693,3
21.231,0.0042207,-0.00553,-0.00076323,3
21.514,-0.00090074,0.0057478,0.0060226,10
21.531,-0.00051005,0.0051371,0.0045919,10
21.547,0.00012328,0.005695,0.0020145,10
21.564,0.00024499,0.0063099,0.00042305,10
21.581,-0.00015144,0.0072351,-0.00041053,10
21.597,-0.00014546,0.0078178,-0.0016637,10
21.614,7.7147e-05,0.0078447,-0.0021781,10
21.631,0.00017135,0.0078795,-0.0023023,10
21.647,0.00017313,0.0078451,-0.0021076,10
21.664,0.00012152,0.0081026,-0.0019536,10
21.681,0.00022973,0.0080694,-0.0020374,10
21.697,0.00032798,0.0079793,-0.0022639,10
21.714,0.00023466,0.0082291,-0.0021366,10
21.731,0.0001035,0.0085399,-0.002626,10
21.747,0.00045548,0.0061999,-0.0023958,10
21.764,0.00012087,0.0065907,-0.0017238,10
21.781,-2.8575e-05,0.0065047,-0.0017601,10
21.797,-0.00024337,0.0065743,-0.0016894,10
21.814,-0.00019238,0.0065501,-0.0025062,10
21.831,0.00016791,0.0059482,-0.0014013,10
21.847,0.0021951,0.001387,-0.000205,10
21.864,0.002823,0.00076164,-2.29e-05,10
21.881,0.0029692,0.0024735,-0.0030167,10
21.897,0.0026094,0.0061916,-0.007577,10
21.914,0.0017992,0.010741,-0.013361,10
21.931,0.0016711,0.011059,-0.014013,10
21.947,0.001938,0.011322,-0.014239,10
21.964,0.0020225,0.011471,-0.014847,10
21.981,0.0020091,0.011796,-0.015388,10
21.997,0.0020246,0.011694,-0.014926,10
22.014,0.0019373,0.011657,-0.014942,10
22.031,0.0019758,0.011553,-0.014882,10
22.047,0.0020398,0.011186,-0.01314,10
22.064,0.0020795,0.010827,-0.012934,10
22.081,0.002091,0.010649,-0.012863,10
22.097,0.0020512,0.010634,-0.013003,10
22.114,0.0019864,0.010955,-0.013425,10
22.131,0.0015707,0.012136,-0.013429,10
22.147,0.001787,0.01126,-0.01393,10
22.164,0.0018317,0.011443,-0.014492,10
22.181,0.0019277,0.011053,-0.013327,10
22.197,0.0019078,0.011155,-0.014289,10
22.214,0.0019017,0.011235,-0.013487,10
22.231,0.0020865,0.010442,-0.013469,10
22.247,0.0017374,0.011164,-0.013223,10
22.264,0.0017228,0.010958,-0.012736,10
22.281,0.0016547,0.011,-0.012697,10
22.297,0.0015103,0.011212,-0.012743,10
22.314,0.0013204,0.011414,-0.01272,10
22.331,0.0018792,0.011258,-0.013576,10
22.347,0.0018874,0.01097,-0.014209,10
22.364,0.0018133,0.010989,-0.015063,10
22.381,0.0019225,0.010977,-0.014835,10
22.397,0.0019217,0.010997,-0.014833,10
22.414,0.0018247,0.010907,-0.015044,10
22.431,0.001814,0.010882,-0.015198,10
22.447,0.0019428,0.011233,-0.014349,10
22.464,0.0018595,0.011316,-0.014781,10
22.481,0.0018928,0.011071,-0.014102,10
22.497,0.0019292,0.01142,-0.014931,10
22.514,0.002024,0.011526,-0.015114,10
22.531,0.0021457,0.011775,-0.015962,10
22.547,0.0021233,0.011625,-0.015702,10
22.564,0.0020108,0.011531,-0.015479,10
22.581,0.0018719,0.01121,-0.014662,10
22.597,0.0018711,0.011148,-0.014583,10
22.614,0.001862,0.011196,-0.014616,10
22.631,0.0019259,0.011389,-0.014852,10
22.647,0.0019305,0.011363,-0.014911,10
22.664,0.0019755,0.011276,-0.01478,10
22.681,0.0019609,0.011236,-0.014835,10
22.697,0.0019298,0.011095,-0.014714,10
22.714,0.0019777,0.011147,-0.014298,10
22.731,0.0019825,0.011141,-0.014327,10
22.747,0.0018741,0.011252,-0.014879,10
22.764,0.0018928,0.011273,-0.014935,10
22.781,0.0019585,0.011052,-0.014323,10
22.797,0.0019975,0.011484,-0.015292,10
22.814,0.002004,0.011452,-0.01524,10
22.831,0.002001,0.011497,-0.015227,10
22.847,0.0020461,0.011363,-0.014877,10
22.864,0.0019262,0.011282,-0.01501,10
22.881,0.0019898,0.011049,-0.014355,10
22.897,0.0014313,0.011698,-0.014544,10
22.914,0.0016093,0.01162,-0.014395,10
22.931,0.0015843,0.011717,-0.014256,10
22.947,0.0015509,0.011428,-0.014079,10
22.964,0.0015806,0.011356,-0.014012,10
22.981,0.0018435,0.01108,-0.014018,10
22.997,0.0019599,0.010857,-0.013134,10
23.014,0.0019147,0.010993,-0.013221,10
23.031,0.0016343,0.011044,-0.01343,10
23.047,0.0018527,0.01109,-0.014157,10
23.064,0.0018884,0.010888,-0.014019,10
23.081,0.0018875,0.010831,-0.013929,10
23.097,0.001865,0.010665,-0.013553,10
23.114,0.0019223,0.010368,-0.012439,10
23.131,0.001941,0.010498,-0.012501,10
23.147,0.0019305,0.011436,-0.014919,10
23.164,0.0019295,0.011232,-0.014939,10
23.181,0.0019441,0.011285,-0.015001,10
23.197,0.0020343,0.011105,-0.014246,10
23.214,0.0020433,0.011157,-0.014463,10
23.231,0.0020579,0.01123,-0.014858,10
23.247,0.0020546,0.011195,-0.014714,10
23.264,0.0019856,0.011447,-0.015112,10
23.281,0.0020362,0.011516,-0.015241,10
23.297,0.0019727,0.011295,-0.014992,10
23.314,0.0020041,0.011093,-0.014279,10
23.331,0.0019919,0.011045,-0.014187,10
23.347,0.0019457,0.010988,-0.014409,10
23.364,0.0019385,0.011024,-0.014381,10
23.381,0.0018713,0.011625,-0.015171,10
23.397,0.0019528,0.010978,-0.013285,10
23.414,0.0019853,0.010999,-0.013385,10
23.431,0.0020211,0.011118,-0.013555,10
23.447,0.0018593,0.011718,-0.015375,10
23.464,0.0019532,0.011348,-0.015334,10
23.481,0.0019731,0.011216,-0.01482,10
23.497,0.0019957,0.011116,-0.014354,10
